1	11	_	bring	A cold and melancholy walk of a couple of miles brought us to a high wooden gate , which opened into a gloomy avenue of chestnuts .	file://conllu/en/doyle_wist.02.conllu#s1_0	
2	6	_	lead	The curved and shadowed drive led us to a low , dark house , pitch black against a slate coloured sky .	file://conllu/en/doyle_wist.02.conllu#s2_0	
3	12	_	pee	From the front window upon the left of the door there peeped a glimmer of a feeble light .	file://conllu/en/doyle_wist.02.conllu#s3_0	
4	10	_	say	&quot; There 's a constable in possession , &quot; said Baynes .	file://conllu/en/doyle_wist.02.conllu#s4_0	
5	4	_	knock	&quot; I 'll knock at the window . &quot;	file://conllu/en/doyle_wist.02.conllu#s5_0	
6	2	and?	step	He stepped across the grass plot and tapped with his hand on the pane .	file://conllu/en/doyle_wist.02.conllu#s6_0	
7	23	and?	cry (cry hear see)	Through the fogged glass I dimly saw a man spring up from a chair beside the fire , and heard a sharp cry from within the room .	file://conllu/en/doyle_wist.02.conllu#s7_0	
8	2	later?	instant	An instant later a white faced , hard breathing policeman had opened the door , the candle wavering in his trembling hand .	file://conllu/en/doyle_wist.02.conllu#s8_0	
9	3	_	be (be matter)	&quot; What 's the matter , Walters ? &quot; asked Baynes sharply .	file://conllu/en/doyle_wist.02.conllu#s9_0	
10	3	and?	mop	The man mopped his forehead with his handkerchief and gave a long sigh of relief .	file://conllu/en/doyle_wist.02.conllu#s10_0	
11	3	_	be (be glad)	&quot; I am glad you have come , sir .	file://conllu/en/doyle_wist.02.conllu#s11_0	
12	3	and?	be (be evening)	It has been a long evening , and I do n't think my nerve is as good as it was . &quot;	file://conllu/en/doyle_wist.02.conllu#s12_0	
13	3	_	nerve	&quot; Your nerve , Walters ?	file://conllu/en/doyle_wist.02.conllu#s13_0	
14	5	_	think	I should not have thought you had a nerve in your body . &quot;	file://conllu/en/doyle_wist.02.conllu#s14_0	
15	4	_	sir	&quot; Well , sir , it 's this lonely , silent house and the queer thing in the kitchen .	file://conllu/en/doyle_wist.02.conllu#s15_0	
16	9	when?	think	Then when you tapped at the window I thought it had come again . &quot;	file://conllu/en/doyle_wist.02.conllu#s16_0	
17	5	_	come	&quot; That what had come again ? &quot;	file://conllu/en/doyle_wist.02.conllu#s17_0	
18	3	_	devil	&quot; The devil , sir , for all I know .	file://conllu/en/doyle_wist.02.conllu#s18_0	
19	2	_	be (be window)	It was at the window . &quot;	file://conllu/en/doyle_wist.02.conllu#s19_0	
20	3	when?	be (be window)	&quot; What was at the window , and when ? &quot;	file://conllu/en/doyle_wist.02.conllu#s20_0	
21	3	_	be (be ago)	&quot; It was just about two hours ago .	file://conllu/en/doyle_wist.02.conllu#s21_0	
22	3	_	be (be fade)	The light was just fading .	file://conllu/en/doyle_wist.02.conllu#s22_0	
23	3	_	sit	I was sitting reading in the chair .	file://conllu/en/doyle_wist.02.conllu#s23_0	
24	4	_	know	I do n't know what made me look up , but there was a face looking in at me through the lower pane .	file://conllu/en/doyle_wist.02.conllu#s24_0	
25	1	_	Lord	Lord , sir , what a face it was !	file://conllu/en/doyle_wist.02.conllu#s25_0	
26	3	_	see	I 'll see it in my dreams . &quot;	file://conllu/en/doyle_wist.02.conllu#s26_0	
27	2	_	Tut	&quot; Tut , tut , Walters .	file://conllu/en/doyle_wist.02.conllu#s27_0	
28	4	for?	talk	This is not talk for a police -constable . &quot;	file://conllu/en/doyle_wist.02.conllu#s28_0	
29	8	but?	know (know know)	&quot; I know , sir , I know ; but it shook me , sir , and there 's no use to deny it .	file://conllu/en/doyle_wist.02.conllu#s29_0	
30	2	nor?	be (be black)	It was n't black , sir , nor was it white , nor any colour that I know but a kind of queer shade like clay with a splash of milk in it .	file://conllu/en/doyle_wist.02.conllu#s30_0	
31	3	then?	be	Then there was the size of it it was twice yours , sir .	file://conllu/en/doyle_wist.02.conllu#s31_0	
32	11	and?	eyes	And the look of it the great staring goggle eyes , and the line of white teeth like a hungry beast .	file://conllu/en/doyle_wist.02.conllu#s32_0	
33	2	_	tell	I tell you , sir , I could n't move a finger , nor get my breath , till it whisked away and was gone .	file://conllu/en/doyle_wist.02.conllu#s33_0	
34	18	_	&quot;	Out I ran and through the shrubbery , but thank God there was no one there . &quot;	file://conllu/en/doyle_wist.02.conllu#s34_0	
35	17	for?	put	&quot; If I did n't know you were a good man , Walters , I should put a black mark against you for this .	file://conllu/en/doyle_wist.02.conllu#s35_0	
36	13	if?	thank	If it were the devil himself a constable on duty should never thank	file://conllu/en/doyle_wist.02.conllu#s36_0	
37	1	_	God	God that he could not lay his hands upon him .	file://conllu/en/doyle_wist.02.conllu#s37_0	
38	2	_	suppose	I suppose the whole thing is not a vision and a touch of nerves ? &quot;	file://conllu/en/doyle_wist.02.conllu#s38_0	
39	13	_	say	&quot; That , at least , is very easily settled , &quot; said Holmes , lighting his little pocket lantern .	file://conllu/en/doyle_wist.02.conllu#s39_0	
40	6	_	report (report say)	&quot; Yes , &quot; he reported , after a short examination of the grass bed , &quot; a number twelve shoe , I should say .	file://conllu/en/doyle_wist.02.conllu#s40_0	
41	16	if?	be (be giant)	If he was all on the same scale as his foot he must certainly have been a giant . &quot;	file://conllu/en/doyle_wist.02.conllu#s41_0	
42	3	_	become	&quot; What became of him ? &quot;	file://conllu/en/doyle_wist.02.conllu#s42_0	
43	3	and?	seem	&quot; He seems to have broken through the shrubbery and made for the road . &quot;	file://conllu/en/doyle_wist.02.conllu#s43_0	
44	5	and?	say	&quot; Well , &quot; said the inspector with a grave and thoughtful face , &quot; whoever he may have been , and whatever he may have wanted , he 's gone for the present , and we have more immediate things to attend to .	file://conllu/en/doyle_wist.02.conllu#s44_0	
45	12	_	show	Now , Mr. Holmes , with your permission , I will show you round the house . &quot;	file://conllu/en/doyle_wist.02.conllu#s45_0	
46	9	_	yield	The various bedrooms and sitting rooms had yielded nothing to a careful search .	file://conllu/en/doyle_wist.02.conllu#s46_0	
47	5	and?	bring	Apparently the tenants had brought little or nothing with them , and all the furniture down to the smallest details had been taken over with the house .	file://conllu/en/doyle_wist.02.conllu#s47_0	
48	19	_	leave	A good deal of clothing with the stamp of Marx and Co. , High Holborn , had been left behind .	file://conllu/en/doyle_wist.02.conllu#s48_0	
49	6	_	make	Telegraphic inquiries had been already made which showed that Marx knew nothing of his customer save that he was a good payer .	file://conllu/en/doyle_wist.02.conllu#s49_0	
50	1	and?	Odd	Odds and ends , some pipes , a few novels , two of them in Spanish , an old fashioned pinfire revolver , and a guitar were among the personal property .	file://conllu/en/doyle_wist.02.conllu#s50_0	
51	8	_	say	&quot; Nothing in all this , &quot; said Baynes , stalking , candle in hand , from room to room .	file://conllu/en/doyle_wist.02.conllu#s51_0	
52	9	but?	invite	&quot; But now , Mr. Holmes , I invite your attention to the kitchen . &quot;	file://conllu/en/doyle_wist.02.conllu#s52_0	
53	2	_	be (be gloomy)	It was a gloomy , high ceilinged room at the back of the house , with a straw litter in one corner , which served apparently as a bed for the cook .	file://conllu/en/doyle_wist.02.conllu#s53_0	
54	4	_	pile	The table was piled with half eaten dishes and dirty plates , the debris of last night 's dinner .	file://conllu/en/doyle_wist.02.conllu#s54_0	
55	7	_	say	&quot; Look at this , &quot; said Baynes .	file://conllu/en/doyle_wist.02.conllu#s55_0	
56	5	_	make	&quot; What do you make of it ? &quot;	file://conllu/en/doyle_wist.02.conllu#s56_0	
57	9	before?	object (object hold)	He held up his candle before an extraordinary object which stood at the back of the dresser .	file://conllu/en/doyle_wist.02.conllu#s57_0	
58	4	and?	wrinkle	It was so wrinkled and shrunken and withered that it was difficult to say what it might have been .	file://conllu/en/doyle_wist.02.conllu#s58_0	
59	2	but?	could	One could but say that it was black and leathery and that it bore some resemblance to a dwarfish , human figure .	file://conllu/en/doyle_wist.02.conllu#s59_0	
60	22	then?	seem (seem think)	At first , as I examined it , I thought that it was a mummified negro baby , and then it seemed a very twisted and ancient monkey .	file://conllu/en/doyle_wist.02.conllu#s60_0	
61	4	finally?	leave	Finally I was left in doubt as to whether it was animal or human .	file://conllu/en/doyle_wist.02.conllu#s61_0	
62	8	_	string	A double band of white shells were strung round the centre of it .	file://conllu/en/doyle_wist.02.conllu#s62_0	
63	11	indeed?	say	&quot; Very interesting very interesting , indeed ! &quot; said Holmes , peering at this sinister relic .	file://conllu/en/doyle_wist.02.conllu#s63_0	
64	3	_	more	&quot; Anything more ? &quot;	file://conllu/en/doyle_wist.02.conllu#s64_0	
65	4	and?	lead	In silence Baynes led the way to the sink and held forward his candle .	file://conllu/en/doyle_wist.02.conllu#s65_0	
66	12	_	tear	The limbs and body of some large , white bird , torn savagely to pieces with the feathers still on , were littered all over it .	file://conllu/en/doyle_wist.02.conllu#s66_0	
67	2	_	point	Holmes pointed to the wattles on the severed head .	file://conllu/en/doyle_wist.02.conllu#s67_0	
68	7	_	say	&quot; A white cock , &quot; said he .	file://conllu/en/doyle_wist.02.conllu#s68_0	
69	3	_	interesting	&quot; Most interesting !	file://conllu/en/doyle_wist.02.conllu#s69_0	
70	2	_	be (be case)	It is really a very curious case . &quot;	file://conllu/en/doyle_wist.02.conllu#s70_0	
71	5	but?	keep	But Mr. Baynes had kept his most sinister exhibit to the last .	file://conllu/en/doyle_wist.02.conllu#s71_0	
72	6	_	draw	From under the sink he drew a zinc pail which contained a quantity of blood .	file://conllu/en/doyle_wist.02.conllu#s72_0	
73	6	then?	take	Then from the table he took a platter heaped with small pieces of charred bone .	file://conllu/en/doyle_wist.02.conllu#s73_0	
74	5	and?	kill	&quot; Something has been killed and something has been burned .	file://conllu/en/doyle_wist.02.conllu#s74_0	
75	2	_	rak	We raked all these out of the fire .	file://conllu/en/doyle_wist.02.conllu#s75_0	
76	2	_	have	We had a doctor in this morning .	file://conllu/en/doyle_wist.02.conllu#s76_0	
77	2	_	say	He says that they are not human . &quot;	file://conllu/en/doyle_wist.02.conllu#s77_0	
78	2	and?	smile	Holmes smiled and rubbed his hands .	file://conllu/en/doyle_wist.02.conllu#s78_0	
79	4	_	congratulate	&quot; I must congratulate you , Inspector , on handling so distinctive and instructive a case .	file://conllu/en/doyle_wist.02.conllu#s79_0	
80	7	if?	say (say seem)	Your powers , if I may say so without offence , seem superior to your opportunities . &quot;	file://conllu/en/doyle_wist.02.conllu#s80_0	
81	5	_	eye	Inspector Baynes 's small eyes twinkled with pleasure .	file://conllu/en/doyle_wist.02.conllu#s81_0	
82	3	_	be (be right)	&quot; You 're right , Mr. Holmes .	file://conllu/en/doyle_wist.02.conllu#s82_0	
83	2	_	stagnate	We stagnate in the provinces .	file://conllu/en/doyle_wist.02.conllu#s83_0	
84	6	and?	give	A case of this sort gives a man a chance , and I hope that I shall take it .	file://conllu/en/doyle_wist.02.conllu#s84_0	
85	4	_	make	What do you make of these bones ? &quot;	file://conllu/en/doyle_wist.02.conllu#s85_0	
86	3	_	lamb	&quot; A lamb , I should say , or a kid . &quot;	file://conllu/en/doyle_wist.02.conllu#s86_0	
87	5	and?	cock	&quot; And the white cock ? &quot;	file://conllu/en/doyle_wist.02.conllu#s87_0	
88	4	_	Mr.	&quot; Curious , Mr. Baynes , very curious .	file://conllu/en/doyle_wist.02.conllu#s88_0	
89	3	_	say	I should say almost unique . &quot;	file://conllu/en/doyle_wist.02.conllu#s89_0	
90	4	_	sir	&quot; Yes , sir , there must have been some very strange people with some very strange ways in this house .	file://conllu/en/doyle_wist.02.conllu#s90_0	
91	4	_	be (be dead)	One of them is dead .	file://conllu/en/doyle_wist.02.conllu#s91_0	
92	4	and?	follow	Did his companions follow him and kill him ?	file://conllu/en/doyle_wist.02.conllu#s92_0	
93	13	for?	watch	If they did we should have them , for every port is watched .	file://conllu/en/doyle_wist.02.conllu#s93_0	
94	5	but?	be (be different)	But my own views are different .	file://conllu/en/doyle_wist.02.conllu#s94_0	
95	8	_	be (be different)	Yes , sir , my own views are very different . &quot;	file://conllu/en/doyle_wist.02.conllu#s95_0	
96	3	then?	have	&quot; You have a theory then ? &quot;	file://conllu/en/doyle_wist.02.conllu#s96_0	
97	5	and?	work	&quot; And I 'll work it myself , Mr. Holmes .	file://conllu/en/doyle_wist.02.conllu#s97_0	
98	2	so?	be (be credit)	It 's only due to my own credit to do so .	file://conllu/en/doyle_wist.02.conllu#s98_0	
99	4	still?	make	Your name is made , but I have still to make mine .	file://conllu/en/doyle_wist.02.conllu#s99_0	
100	3	_	be (be glad)	I should be glad to be able to say afterwards that I had solved it without your help . &quot;	file://conllu/en/doyle_wist.02.conllu#s100_0	
101	1	_	Holmes	Holmes laughed good humoredly .	file://conllu/en/doyle_wist.02.conllu#s101_0	
102	9	_	say	&quot; Well , well , Inspector , &quot; said he .	file://conllu/en/doyle_wist.02.conllu#s102_0	
103	4	and?	follow	&quot; Do you follow your path and I will follow mine .	file://conllu/en/doyle_wist.02.conllu#s103_0	
104	3	if?	be (be much)	My results are always very much at your service if you care to apply to me for them .	file://conllu/en/doyle_wist.02.conllu#s104_0	
105	6	and?	see (see think)	I think that I have seen all that I wish in this house , and that my time may be more profitably employed elsewhere .	file://conllu/en/doyle_wist.02.conllu#s105_0	
106	2	and?	revoir	Au revoir and good luck ! &quot;	file://conllu/en/doyle_wist.02.conllu#s106_0	
107	3	_	tell	I could tell by numerous subtle signs , which might have been lost upon anyone but myself , that Holmes was on a hot scent .	file://conllu/en/doyle_wist.02.conllu#s107_0	
108	11	as?	be	As impassive as ever to the casual observer , there were none the less a subdued eagerness and suggestion of tension in his brightened eyes and brisker manner which assured me that the game was afoot .	file://conllu/en/doyle_wist.02.conllu#s108_0	
109	5	after?	say	After his habit he said nothing , and after mine I asked no questions .	file://conllu/en/doyle_wist.02.conllu#s109_0	
110	1	for?	sufficient	Sufficient for me to share the sport and lend my humble help to the capture without distracting that intent brain with needless interruption .	file://conllu/en/doyle_wist.02.conllu#s110_0	
111	3	_	come	All would come round to me in due time .	file://conllu/en/doyle_wist.02.conllu#s111_0	
112	2	therefore?	wait	I waited , therefore but to my ever deepening disappointment I waited in vain .	file://conllu/en/doyle_wist.02.conllu#s112_0	
113	2	and?	succeed	Day succeeded day , and my friend took no step forward .	file://conllu/en/doyle_wist.02.conllu#s113_0	
114	4	and?	spend	One morning he spent in town , and I learned from a casual reference that he had visited the British Museum .	file://conllu/en/doyle_wist.02.conllu#s114_0	
115	1	for?	save	Save for this one excursion , he spent his days in long and often solitary walks , or in chatting with a number of village gossips whose acquaintance he had cultivated .	file://conllu/en/doyle_wist.02.conllu#s115_0	
116	21	_	remarke	&quot; I 'm sure , Watson , a week in the country will be invaluable to you , &quot; he remarked .	file://conllu/en/doyle_wist.02.conllu#s116_0	
117	3	_	be (be pleasant)	&quot; It is very pleasant to see the first green shoots upon the hedges and the catkins on the hazels once again .	file://conllu/en/doyle_wist.02.conllu#s117_0	
118	17	_	be	With a spud , a tin box , and an elementary book on botany , there are instructive days to be spent . &quot;	file://conllu/en/doyle_wist.02.conllu#s118_0	
119	2	but?	prowl	He prowled about with this equipment himself , but it was a poor show of plants which he would bring back of an evening .	file://conllu/en/doyle_wist.02.conllu#s119_0	
120	6	_	come	Occasionally in our rambles we came across Inspector Baynes .	file://conllu/en/doyle_wist.02.conllu#s120_0	
121	5	_	face	His fat , red face wreathed itself in smiles and his small eyes glittered as he greeted my companion .	file://conllu/en/doyle_wist.02.conllu#s121_0	
122	2	but?	say	He said little about the case , but from that little we gathered that he also was not dissatisfied at the course of events .	file://conllu/en/doyle_wist.02.conllu#s122_0	
123	3	however?	admit	I must admit , however , that I was somewhat surprised when , some five days after the crime , I opened my morning paper to find in large letters :	file://conllu/en/doyle_wist.02.conllu#s123_0	
124	11	as if?	spring	THE OXSHOTT MYSTERY A SOLUTION ARREST OF SUPPOSED ASSASSIN Holmes sprang in his chair as if he had been stung when I read the headlines .	file://conllu/en/doyle_wist.02.conllu#s124_0	
125	7	_	cry	&quot; By Jove ! &quot; he cried .	file://conllu/en/doyle_wist.02.conllu#s125_0	
126	5	_	mean	&quot; You do n't mean that Baynes has got him ? &quot;	file://conllu/en/doyle_wist.02.conllu#s126_0	
127	5	_	say	&quot; Apparently , &quot; said I as I read the following report : &quot; Great excitement was caused in Esher and the neighbouring district when it was learned late last night that an arrest had been effected in connection with the Oxshott murder .	file://conllu/en/doyle_wist.02.conllu#s127_0	
128	14	_	find (find remember)	It will be remembered that Mr. Garcia , of Wisteria Lodge , was found dead on Oxshott Common , his body showing signs of extreme violence , and that on the same night his servant and his cook fled , which appeared to show their participation in the crime .	file://conllu/en/doyle_wist.02.conllu#s128_0	
129	3	but?	suggest	It was suggested , but never proved , that the deceased gentleman may have had valuables in the house , and that their abstraction was the motive of the crime .	file://conllu/en/doyle_wist.02.conllu#s129_0	
130	4	and?	make	Every effort was made by Inspector Baynes , who has the case in hand , to ascertain the hiding place of the fugitives , and he had good reason to believe that they had not gone far but were lurking in some retreat which had been already prepared .	file://conllu/en/doyle_wist.02.conllu#s130_0	
131	2	however?	be (be certain)	It was certain from the first , however , that they would eventually be detected , as the cook , from the evidence of one or two tradespeople who have caught a glimpse of him through the window , was a man of most remarkable appearance being a huge and hideous mulatto , with yellowish features of a pronounced negroid type .	file://conllu/en/doyle_wist.02.conllu#s131_0	
132	5	since?	see	This man has been seen since the crime , for he was detected and pursued by Constable Walters on the same evening , when he had the audacity to revisit Wisteria Lodge .	file://conllu/en/doyle_wist.02.conllu#s132_0	
133	2	_	Baynes	Inspector Baynes , considering that such a visit must have some purpose in view and was likely , therefore , to be repeated , abandoned the house but left an ambuscade in the shrubbery .	file://conllu/en/doyle_wist.02.conllu#s133_0	
134	3	and?	walk	The man walked into the trap and was captured last night after a struggle in which Constable Downing was badly bitten by the savage .	file://conllu/en/doyle_wist.02.conllu#s134_0	
135	2	and?	understand	We understand that when the prisoner is brought before the magistrates a remand will be applied for by the police , and that great developments are hoped from his capture . &quot;	file://conllu/en/doyle_wist.02.conllu#s135_0	
136	11	once?	cry (cry see)	&quot; Really we must see Baynes at once , &quot; cried Holmes , picking up his hat .	file://conllu/en/doyle_wist.02.conllu#s136_0	
137	5	before?	catch	&quot; We will just catch him before he starts . &quot;	file://conllu/en/doyle_wist.02.conllu#s137_0	
138	2	and?	hurry	We hurried down the village street and found , as we had expected , that the inspector was just leaving his lodgings .	file://conllu/en/doyle_wist.02.conllu#s138_0	
139	4	_	see	&quot; You 've seen the paper , Mr. Holmes ? &quot;	file://conllu/en/doyle_wist.02.conllu#s139_0	
140	6	_	out (out hold ask)	he asked , holding one out to us .	file://conllu/en/doyle_wist.02.conllu#s140_0	
141	8	_	see	&quot; Yes , Baynes , I 've seen it .	file://conllu/en/doyle_wist.02.conllu#s141_0	
142	1	if?	pray (pray think)	Pray do n't think it a liberty if I give you a word of friendly warning . &quot;	file://conllu/en/doyle_wist.02.conllu#s142_0	
143	3	_	warning	&quot; Of warning , Mr. Holmes ? &quot;	file://conllu/en/doyle_wist.02.conllu#s143_0	
144	4	and?	look	&quot; I have looked into this case with some care , and I am not convinced that you are on the right lines .	file://conllu/en/doyle_wist.02.conllu#s144_0	
145	4	unless?	want	I do n't want you to commit yourself too far unless you are sure . &quot;	file://conllu/en/doyle_wist.02.conllu#s145_0	
146	7	_	Mr.	&quot; You 're very kind , Mr. Holmes . &quot;	file://conllu/en/doyle_wist.02.conllu#s146_0	
147	6	_	speak (speak assure)	&quot; I assure you I speak for your good . &quot;	file://conllu/en/doyle_wist.02.conllu#s147_0	
148	2	_	seem	It seemed to me that something like a wink quivered for an instant over one of Mr. Baynes 's tiny eyes .	file://conllu/en/doyle_wist.02.conllu#s148_0	
149	3	_	agree	&quot; We agreed to work on our own lines , Mr. Holmes .	file://conllu/en/doyle_wist.02.conllu#s149_0	
150	2	_	be (be what)	That 's what I am doing . &quot;	file://conllu/en/doyle_wist.02.conllu#s150_0	
151	8	_	say	&quot; Oh , very good , &quot; said Holmes .	file://conllu/en/doyle_wist.02.conllu#s151_0	
152	4	_	blame	&quot; Do n't blame me . &quot;	file://conllu/en/doyle_wist.02.conllu#s152_0	
153	4	_	sir	&quot; No , sir ; I believe you mean well by me .	file://conllu/en/doyle_wist.02.conllu#s153_0	
154	4	but?	have	But we all have our own systems , Mr. Holmes .	file://conllu/en/doyle_wist.02.conllu#s154_0	
155	2	and?	have	You have yours , and maybe I have mine . &quot;	file://conllu/en/doyle_wist.02.conllu#s155_0	
156	2	_	let	&quot; Let us say no more about it . &quot;	file://conllu/en/doyle_wist.02.conllu#s156_0	
157	3	_	be (be welcome)	&quot; You 're welcome always to my news .	file://conllu/en/doyle_wist.02.conllu#s157_0	
158	3	as?	be (be savage)	This fellow is a perfect savage , as strong as a cart horse and as fierce as the devil .	file://conllu/en/doyle_wist.02.conllu#s158_0	
159	2	before?	chew	He chewed Downing 's thumb nearly off before they could master him .	file://conllu/en/doyle_wist.02.conllu#s159_0	
160	3	and?	speak	He hardly speaks a word of English , and we can get nothing out of him but grunts . &quot;	file://conllu/en/doyle_wist.02.conllu#s160_0	
161	4	and?	think	&quot; And you think you have evidence that he murdered his late master ? &quot;	file://conllu/en/doyle_wist.02.conllu#s161_0	
162	5	so?	say	&quot; I did n't say so , Mr. Holmes ; I did n't say so .	file://conllu/en/doyle_wist.02.conllu#s162_0	
163	3	_	have	We all have our little ways .	file://conllu/en/doyle_wist.02.conllu#s163_0	
164	7	and?	try (try try)	You try yours and I will try mine .	file://conllu/en/doyle_wist.02.conllu#s164_0	
165	2	_	be (be agreement)	That 's the agreement . &quot;	file://conllu/en/doyle_wist.02.conllu#s165_0	
166	2	as?	shrug	Holmes shrugged his shoulders as we walked away together .	file://conllu/en/doyle_wist.02.conllu#s166_0	
167	5	_	make	&quot; I ca n't make the man out .	file://conllu/en/doyle_wist.02.conllu#s167_0	
168	2	_	seem	He seems to be riding for a fall .	file://conllu/en/doyle_wist.02.conllu#s168_0	
169	5	and?	say (say try)	Well , as he says , we must each try our own way and see what comes of it .	file://conllu/en/doyle_wist.02.conllu#s169_0	
170	3	but?	be	But there 's something in Inspector Baynes which I ca n't quite understand . &quot;	file://conllu/en/doyle_wist.02.conllu#s170_0	
171	12	when?	say	&quot; Just sit down in that chair , Watson , &quot; said Sherlock Holmes when we had returned to our apartment at the Bull .	file://conllu/en/doyle_wist.02.conllu#s171_0	
172	3	as?	want	&quot; I want to put you in touch with the situation , as I may need your help to night .	file://conllu/en/doyle_wist.02.conllu#s172_0	
173	1	_	let	Let me show you the evolution of this case so far as I have been able to follow it .	file://conllu/en/doyle_wist.02.conllu#s173_0	
174	13	_	have	Simple as it has been in it s leading features , it has none the less presented surprising difficulties in the way of an arrest .	file://conllu/en/doyle_wist.02.conllu#s174_0	
175	2	_	be	There are gaps in that direction which we have still to fill .	file://conllu/en/doyle_wist.02.conllu#s175_0	
176	4	_	go	&quot; We will go back to the note which was handed in to Garcia upon the evening of his death .	file://conllu/en/doyle_wist.02.conllu#s176_0	
177	3	_	put	We may put aside this idea of Baynes 's that Garcia 's servants were concerned in the matter .	file://conllu/en/doyle_wist.02.conllu#s177_0	
178	5	_	lie	The proof of this lies in the fact that it was _he_ who had arranged for the presence of Scott Eccles , which could only have been done for the purpose of an alibi .	file://conllu/en/doyle_wist.02.conllu#s178_0	
179	2	then?	be (be Garcia)	It was Garcia , then , who had an enterprise , and apparently a criminal enterprise , in hand that night in the course of which he met his death .	file://conllu/en/doyle_wist.02.conllu#s179_0	
180	2	because?	say	I say ' criminal ' because only a man with a criminal enterprise desires to establish an alibi .	file://conllu/en/doyle_wist.02.conllu#s180_0	
181	5	then?	be (be likely)	Who , then , is most likely to have taken his life ?	file://conllu/en/doyle_wist.02.conllu#s181_0	
182	3	_	person	Surely the person against whom the criminal enterprise was directed .	file://conllu/en/doyle_wist.02.conllu#s182_0	
183	4	so?	seem	So far it seems to me that we are on safe ground .	file://conllu/en/doyle_wist.02.conllu#s183_0	
184	7	_	reason (reason see)	&quot; We can now see a reason for the disappearance of Garcia 's household .	file://conllu/en/doyle_wist.02.conllu#s184_0	
185	2	_	be (be confederate)	They were _all_ confederates in the same unknown crime .	file://conllu/en/doyle_wist.02.conllu#s185_0	
186	14	and?	warde	If it came off when Garcia returned , any possible suspicion would be warded off by the Englishman 's evidence , and all would be well .	file://conllu/en/doyle_wist.02.conllu#s186_0	
187	4	but?	be (be one)	But the attempt was a dangerous one , and if Garcia did _not return by a certain hour it was probable that his own life had been sacrificed .	file://conllu/en/doyle_wist.02.conllu#s187_0	
188	4	therefore?	arrange	It had been arranged , therefore , that in such a case his two subordinates were to make for some prearranged spot where they could escape investigation and be in a position afterwards to renew their attempt .	file://conllu/en/doyle_wist.02.conllu#s188_0	
189	4	_	explain	That would fully explain the facts , would it not ? &quot;	file://conllu/en/doyle_wist.02.conllu#s189_0	
190	5	_	seem	The whole inexplicable tangle seemed to straighten out before me .	file://conllu/en/doyle_wist.02.conllu#s190_0	
191	2	before?	wonder	I wondered , as I always did , how it had not been obvious to me before .	file://conllu/en/doyle_wist.02.conllu#s191_0	
192	7	but?	return	&quot; But why should one servant return ? &quot;	file://conllu/en/doyle_wist.02.conllu#s192_0	
193	4	_	imagine	&quot; We can imagine that in the confusion of flight something precious , something which he could not bear to part with , had been left behind .	file://conllu/en/doyle_wist.02.conllu#s193_0	
194	3	_	explain	That would explain his persistence , would it not ? &quot;	file://conllu/en/doyle_wist.02.conllu#s194_0	
195	5	next?	be (be step)	&quot; Well , what is the next step ? &quot;	file://conllu/en/doyle_wist.02.conllu#s195_0	
196	5	next?	be (be note)	&quot; The next step is the note received by Garcia at the dinner .	file://conllu/en/doyle_wist.02.conllu#s196_0	
197	2	_	indicate	It indicates a confederate at the other end .	file://conllu/en/doyle_wist.02.conllu#s197_0	
198	4	_	be (be where)	Now , where was the other end ?	file://conllu/en/doyle_wist.02.conllu#s198_0	
199	4	_	show	I have already shown you that it could only lie in some large house , and that the number of large houses is limited .	file://conllu/en/doyle_wist.02.conllu#s199_0	
200	8	_	devote	My first days in this village were devoted to a series of walks in which in the intervals of my botanical researches I made a reconnaissance of all the large houses and an examination of the family history of the occupants .	file://conllu/en/doyle_wist.02.conllu#s200_0	
201	8	_	rivet	One house , and only one , riveted my attention .	file://conllu/en/doyle_wist.02.conllu#s201_0	
202	2	and?	be (be grange)	It is the famous old Jacobean grange of High Gable , one mile on the farther side of Oxshott , and less than half a mile from the scene of the tragedy .	file://conllu/en/doyle_wist.02.conllu#s202_0	
203	4	_	belong	The other mansions belonged to prosaic and respectable people who live far aloof from romance .	file://conllu/en/doyle_wist.02.conllu#s203_0	
204	21	but?	befall	But Mr. Henderson , of High Gable , was by all accounts a curious man to whom curious adventures might befall .	file://conllu/en/doyle_wist.02.conllu#s204_0	
205	2	therefore?	concentrate	I concentrated my attention , therefore , upon him and his household .	file://conllu/en/doyle_wist.02.conllu#s205_0	
206	15	_	singular	&quot; A singular set of people , Watson the man himself the most singular of them all .	file://conllu/en/doyle_wist.02.conllu#s206_0	
207	2	but?	manage	I managed to see him on a plausible pretext , but I seemed to read in his dark , deepset , brooding eyes that he was perfectly aware of my true business .	file://conllu/en/doyle_wist.02.conllu#s207_0	
208	2	_	be (be man)	He is a man of fifty , strong , active , with iron gray hair , great bunched black eyebrows , the step of a deer and the air of an emperor a fierce , masterful man , with a red hot spirit behind his parchment face .	file://conllu/en/doyle_wist.02.conllu#s208_0	
209	2	for?	be (be foreigner)	He is either a foreigner or has lived long in the tropics , for he is yellow and sapless , but tough as whipcord .	file://conllu/en/doyle_wist.02.conllu#s209_0	
210	9	and?	be (be foreigner)	His friend and secretary , Mr. Lucas , is undoubtedly a foreigner , chocolate brown , wily , suave , and catlike , with a poisonous gentleness of speech .	file://conllu/en/doyle_wist.02.conllu#s210_0	
211	2	so?	see	You see , Watson , we have come already upon two sets of foreigners one at Wisteria Lodge and one at High Gable so our gaps are beginning to close .	file://conllu/en/doyle_wist.02.conllu#s211_0	
212	11	but?	be (be centre)	&quot; These two men , close and confidential friends , are the centre of the household ; but there is one other person who for our immediate purpose may be even more important .	file://conllu/en/doyle_wist.02.conllu#s212_0	
213	2	_	have	Henderson has two children girls of eleven and thirteen .	file://conllu/en/doyle_wist.02.conllu#s213_0	
214	3	_	be (be miss)	Their governess is a Miss Burnet , an Englishwoman of forty or thereabouts .	file://conllu/en/doyle_wist.02.conllu#s214_0	
215	2	also?	be	There is also one confidential manservant .	file://conllu/en/doyle_wist.02.conllu#s215_0	
216	25	for?	move	This little group forms the real family , for they travel about together , and Henderson is a great traveller , always on the move .	file://conllu/en/doyle_wist.02.conllu#s216_0	
217	2	_	be (be week)	It is only within the last weeks that he has returned , after a year 's absence , to High Gable .	file://conllu/en/doyle_wist.02.conllu#s217_0	
218	3	_	add	I may add that he is enormously rich , and whatever his whims may be he can very easily satisfy them .	file://conllu/en/doyle_wist.02.conllu#s218_0	
219	7	for?	be (be full)	For the rest , his house is full of butlers , footmen , maidservants , and the usual overfed , underworked staff of a large English country house .	file://conllu/en/doyle_wist.02.conllu#s219_0	
220	5	and?	learn	&quot; So much I learned partly from village gossip and partly from my own observation .	file://conllu/en/doyle_wist.02.conllu#s220_0	
221	2	and?	be	There are no better instruments than discharged servants with a grievance , and I was lucky enough to find one .	file://conllu/en/doyle_wist.02.conllu#s221_0	
222	2	but?	call	I call it luck , but it would not have come my way had I not been looking out for it .	file://conllu/en/doyle_wist.02.conllu#s222_0	
223	7	as?	have	As Baynes remarks , we all have our systems .	file://conllu/en/doyle_wist.02.conllu#s223_0	
224	19	_	sack	It was my system which enabled me to find John Warner , late gardener of High Gable , sacked in a moment of temper by his imperious employer .	file://conllu/en/doyle_wist.02.conllu#s224_0	
225	4	in turn?	have	He in turn had friends among the indoor servants who unite in their fear and dislike of their master .	file://conllu/en/doyle_wist.02.conllu#s225_0	
226	3	so?	have	So I had my key to the secrets of the establishment .	file://conllu/en/doyle_wist.02.conllu#s226_0	
227	3	_	people	&quot; Curious people , Watson !	file://conllu/en/doyle_wist.02.conllu#s227_0	
228	4	yet?	pretend	I do n't pretend to understand it all yet , but very curious people anyway .	file://conllu/en/doyle_wist.02.conllu#s228_0	
229	2	and?	be (be house)	It 's a double winged house , and the servants live on one side , the family on the other .	file://conllu/en/doyle_wist.02.conllu#s229_0	
230	2	_	be	There 's no link between the two save for Henderson 's own servant , who serves the family 's meals .	file://conllu/en/doyle_wist.02.conllu#s230_0	
231	3	_	carry	Everything is carried to a certain door , which forms the one connection .	file://conllu/en/doyle_wist.02.conllu#s231_0	
232	5	except?	go	Governess and children hardly go out at all , except into the garden .	file://conllu/en/doyle_wist.02.conllu#s232_0	
233	6	_	walk	Henderson never by any chance walks alone .	file://conllu/en/doyle_wist.02.conllu#s233_0	
234	4	_	be (be shadow)	His dark secretary is like his shadow .	file://conllu/en/doyle_wist.02.conllu#s234_0	
235	6	_	be	The gossip among the servants is that their master is terribly afraid of something .	file://conllu/en/doyle_wist.02.conllu#s235_0	
236	2	_	sell	' Sold his soul to the devil in exchange for money , ' says Warner , ' and expects his creditor to come up and claim his own . '	file://conllu/en/doyle_wist.02.conllu#s236_0	
237	3	or?	come	Where they came from , or who they are , nobody has an idea .	file://conllu/en/doyle_wist.02.conllu#s237_0	
238	2	_	be (be violent)	They are very violent .	file://conllu/en/doyle_wist.02.conllu#s238_0	
239	4	and?	lash	Twice Henderson has lashed at folk with his dog whip , and only his long purse and heavy compensation have kept him out of the courts .	file://conllu/en/doyle_wist.02.conllu#s239_0	
240	8	_	let	&quot; Well , now , Watson , let us judge the situation by this new information .	file://conllu/en/doyle_wist.02.conllu#s240_0	
241	3	_	take	We may take it that the letter came out of this strange household and was an invitation to Garcia to carry out some attempt which had already been planned .	file://conllu/en/doyle_wist.02.conllu#s241_0	
242	4	_	note (note write)	Who wrote the note ?	file://conllu/en/doyle_wist.02.conllu#s242_0	
243	2	and?	be (be someone)	It was someone within the citadel , and it was a woman .	file://conllu/en/doyle_wist.02.conllu#s243_0	
244	1	then?	who	Who then but Miss Burnet , the governess ?	file://conllu/en/doyle_wist.02.conllu#s244_0	
245	6	_	point (point seem)	All our reasoning seems to point that way .	file://conllu/en/doyle_wist.02.conllu#s245_0	
246	7	and?	take	At any rate , we may take it as a hypothesis and see what consequences it would entail .	file://conllu/en/doyle_wist.02.conllu#s246_0	
247	3	_	add	I may add that Miss Burnet 's age and character make it certain that my first idea that there might be a love interest in our story is out of the question .	file://conllu/en/doyle_wist.02.conllu#s247_0	
248	6	if?	note (note write)	&quot; If she wrote the note she was presumably the friend and confederate of Garcia .	file://conllu/en/doyle_wist.02.conllu#s248_0	
249	8	then?	expect	What , then , might she be expected to do if she heard of his death ?	file://conllu/en/doyle_wist.02.conllu#s249_0	
250	13	if?	seal	If he met it in some nefarious enterprise her lips might be sealed .	file://conllu/en/doyle_wist.02.conllu#s250_0	
251	9	still?	retain	Still , in her heart , she must retain bitterness and hatred against those who had killed him and would presumably help so far as she could to have revenge upon them .	file://conllu/en/doyle_wist.02.conllu#s251_0	
252	3	then?	see	Could we see her , then and try to use her ?	file://conllu/en/doyle_wist.02.conllu#s252_0	
253	2	_	be (be thought)	That was my first thought .	file://conllu/en/doyle_wist.02.conllu#s253_0	
254	4	but?	come	But now we come to a sinister fact .	file://conllu/en/doyle_wist.02.conllu#s254_0	
255	6	since?	see	Miss Burnet has not been seen by any human eye since the night of the murder .	file://conllu/en/doyle_wist.02.conllu#s255_0	
256	7	_	vanish	From that evening she has utterly vanished .	file://conllu/en/doyle_wist.02.conllu#s256_0	
257	1	_	be (be alive)	Is she alive ?	file://conllu/en/doyle_wist.02.conllu#s257_0	
258	4	as?	meet	Has she perhaps met her end on the same night as the friend whom she had summoned ?	file://conllu/en/doyle_wist.02.conllu#s258_0	
259	2	or?	be (be prisoner)	Or is she merely a prisoner ?	file://conllu/en/doyle_wist.02.conllu#s259_0	
260	2	_	be	There is the point which we still have to decide .	file://conllu/en/doyle_wist.02.conllu#s260_0	
261	4	_	appreciate	&quot; You will appreciate the difficulty of the situation , Watson .	file://conllu/en/doyle_wist.02.conllu#s261_0	
262	2	_	be	There is nothing upon which we can apply for a warrant .	file://conllu/en/doyle_wist.02.conllu#s262_0	
263	5	if?	seem	Our whole scheme might seem fantastic if laid before a magistrate .	file://conllu/en/doyle_wist.02.conllu#s263_0	
264	5	since?	count	The woman 's disappearance counts for nothing , since in that extraordinary household any member of it might be invisible for a week .	file://conllu/en/doyle_wist.02.conllu#s264_0	
265	8	yet?	moment	And yet she may at the present moment be in danger of her life .	file://conllu/en/doyle_wist.02.conllu#s265_0	
266	5	_	be	All I can do is to watch the house and leave my agent , Warner , on guard at the gates .	file://conllu/en/doyle_wist.02.conllu#s266_0	
267	4	_	let	We ca n't let such a situation continue .	file://conllu/en/doyle_wist.02.conllu#s267_0	
268	14	_	&quot;	If the law can do nothing we must take the risk ourselves . &quot;	file://conllu/en/doyle_wist.02.conllu#s268_0	
269	5	_	suggest	&quot; What do you suggest ? &quot;	file://conllu/en/doyle_wist.02.conllu#s269_0	
270	3	_	know	&quot; I know which is her room .	file://conllu/en/doyle_wist.02.conllu#s270_0	
271	2	_	be (be accessible)	It is accessible from the top of an outhouse .	file://conllu/en/doyle_wist.02.conllu#s271_0	
272	3	_	be	My suggestion is that you and I go to night and see if we can strike at the very heart of the mystery . &quot;	file://conllu/en/doyle_wist.02.conllu#s272_0	
273	7	_	confess	It was not , I must confess , a very alluring prospect .	file://conllu/en/doyle_wist.02.conllu#s273_0	
274	3	and?	house	The old house with its atmosphere of murder , the singular and formidable inhabitants , the unknown dangers of the approach , and the fact that we were putting ourselves legally in a false position all combined to damp my ardour .	file://conllu/en/doyle_wist.02.conllu#s274_0	
275	3	but?	be	But there was something in the ice cold reasoning of Holmes which made it impossible to shrink from any adventure which he might recommend .	file://conllu/en/doyle_wist.02.conllu#s275_0	
276	14	thus?	find (find know)	One knew that thus , and only thus , could a solution be found .	file://conllu/en/doyle_wist.02.conllu#s276_0	
277	2	and?	clasp	I clasped his hand in silence , and the die was cast .	file://conllu/en/doyle_wist.02.conllu#s277_0	
278	5	but?	destin	But it was not destined that our investigation should have so adventurous an ending .	file://conllu/en/doyle_wist.02.conllu#s278_0	
279	2	when?	be (be o'clock)	It was about five o'clock , and the shadows of the March evening were beginning to fall , when an excited rustic rushed into our room .	file://conllu/en/doyle_wist.02.conllu#s279_0	
280	4	_	go	&quot; They 've gone , Mr. Holmes .	file://conllu/en/doyle_wist.02.conllu#s280_0	
281	2	_	go	They went by the last train .	file://conllu/en/doyle_wist.02.conllu#s281_0	
282	3	and?	break	The lady broke away , and I 've got her in a cab downstairs . &quot;	file://conllu/en/doyle_wist.02.conllu#s282_0	
283	4	_	Warner	&quot; Excellent , Warner ! &quot;	file://conllu/en/doyle_wist.02.conllu#s283_0	
284	1	_	cry	cried Holmes , springing to his feet .	file://conllu/en/doyle_wist.02.conllu#s284_0	
285	7	_	close	&quot; Watson , the gaps are closing rapidly . &quot;	file://conllu/en/doyle_wist.02.conllu#s285_0	
286	4	_	be (be woman)	In the cab was a woman , half collapsed from nervous exhaustion .	file://conllu/en/doyle_wist.02.conllu#s286_0	
287	2	and?	bear	She bore upon her aquiline and emaciated face the traces of some recent tragedy .	file://conllu/en/doyle_wist.02.conllu#s287_0	
288	3	but?	hang	Her head hung listlessly upon her breast , but as she raised it and turned her dull eyes upon us I saw that her pupils were dark dots in the centre of the broad gray iris .	file://conllu/en/doyle_wist.02.conllu#s288_0	
289	3	_	drug	She was drugged with opium .	file://conllu/en/doyle_wist.02.conllu#s289_0	
290	3	_	watch (watch say)	&quot; I watched at the gate , same as you advised , Mr. Holmes , &quot; said our emissary , the discharged gardener .	file://conllu/en/doyle_wist.02.conllu#s290_0	
291	8	when?	follow	&quot; When the carriage came out I followed it to the station .	file://conllu/en/doyle_wist.02.conllu#s291_0	
292	2	but?	be	She was like one walking in her sleep , but when they tried to get her into the train she came to life and struggled .	file://conllu/en/doyle_wist.02.conllu#s292_0	
293	2	_	push	They pushed her into the carriage .	file://conllu/en/doyle_wist.02.conllu#s293_0	
294	2	_	fight	She fought her way out again .	file://conllu/en/doyle_wist.02.conllu#s294_0	
295	2	and?	take	I took her part , got her into a cab , and here we are .	file://conllu/en/doyle_wist.02.conllu#s295_0	
296	4	as?	forget	I sha n't forget the face at the carriage window as I led her away .	file://conllu/en/doyle_wist.02.conllu#s296_0	
297	3	if?	have	I 'd have a short life if he had his way the black eyed , scowling , yellow devil . &quot;	file://conllu/en/doyle_wist.02.conllu#s297_0	
298	2	and?	carry	We carried her upstairs , laid her on the sofa , and a couple of cups of the strongest coffee soon cleared her brain from the mists of the drug .	file://conllu/en/doyle_wist.02.conllu#s298_0	
299	4	and?	summon	Baynes had been summoned by Holmes , and the situation rapidly explained to him .	file://conllu/en/doyle_wist.02.conllu#s299_0	
300	17	_	say	&quot; Why , sir , you 've got me the very evidence I want , &quot; said the inspector warmly , shaking my friend by the hand .	file://conllu/en/doyle_wist.02.conllu#s300_0	
301	3	as?	be (be scent)	&quot; I was on the same scent as you from the first . &quot;	file://conllu/en/doyle_wist.02.conllu#s301_0	
302	2	_	what	&quot; What !	file://conllu/en/doyle_wist.02.conllu#s302_0	
303	2	after?	be (be Henderson)	You were after Henderson ? &quot;	file://conllu/en/doyle_wist.02.conllu#s303_0	
304	18	when?	be	&quot; Why , Mr. Holmes , when you were crawling in the shrubbery at High Gable I was up one of the trees in the plantation and saw you down below .	file://conllu/en/doyle_wist.02.conllu#s304_0	
305	2	_	be (be get)	It was just who would get his evidence first . &quot;	file://conllu/en/doyle_wist.02.conllu#s305_0	
306	6	then?	arrest	&quot; Then why did you arrest the mulatto ? &quot;	file://conllu/en/doyle_wist.02.conllu#s306_0	
307	2	_	chuckle	Baynes chuckled .	file://conllu/en/doyle_wist.02.conllu#s307_0	
308	3	_	be (be sure)	&quot; I was sure Henderson , as he calls himself , felt that he was suspected , and that he would lie low and make no move so long as he thought he was in any danger .	file://conllu/en/doyle_wist.02.conllu#s308_0	
309	2	_	arrest	I arrested the wrong man to make him believe that our eyes were off him .	file://conllu/en/doyle_wist.02.conllu#s309_0	
310	2	_	know	I knew he would be likely to clear off then and give us a chance of getting at Miss Burnet . &quot;	file://conllu/en/doyle_wist.02.conllu#s310_0	
311	2	_	lay	Holmes laid his hand upon the inspector 's shoulder .	file://conllu/en/doyle_wist.02.conllu#s311_0	
312	4	_	rise	&quot; You will rise high in your profession .	file://conllu/en/doyle_wist.02.conllu#s312_0	
313	8	_	say	You have instinct and intuition , &quot; said he .	file://conllu/en/doyle_wist.02.conllu#s313_0	
314	1	_	Baynes	Baynes flushed with pleasure .	file://conllu/en/doyle_wist.02.conllu#s314_0	
315	4	_	have	&quot; I 've had a plain clothes man waiting at the station all the week .	file://conllu/en/doyle_wist.02.conllu#s315_0	
316	9	_	keep	Wherever the High Gable folk go he will keep them in sight .	file://conllu/en/doyle_wist.02.conllu#s316_0	
317	5	but?	be (be hard)	But he must have been hard put to it when Miss Burnet broke away .	file://conllu/en/doyle_wist.02.conllu#s317_0	
318	5	however?	pick	However , your man picked her up , and it all ends well .	file://conllu/en/doyle_wist.02.conllu#s318_0	
319	4	_	arrest	We ca n't arrest without her evidence , that is clear , so the sooner we get a statement the better . &quot;	file://conllu/en/doyle_wist.02.conllu#s319_0	
320	9	_	say	&quot; Every minute she gets stronger , &quot; said Holmes , glancing at the governess .	file://conllu/en/doyle_wist.02.conllu#s320_0	
321	3	but?	tell	&quot; But tell me , Baynes , who is this man Henderson ? &quot;	file://conllu/en/doyle_wist.02.conllu#s321_0	
322	15	once?	call	&quot; Henderson , &quot; the inspector answered , &quot; is Don Murillo , once called the Tiger of San Pedro . &quot;	file://conllu/en/doyle_wist.02.conllu#s322_0	
323	2	_	Tiger	The Tiger of San Pedro !	file://conllu/en/doyle_wist.02.conllu#s323_0	
324	7	_	come	The whole history of the man came back to me in a flash .	file://conllu/en/doyle_wist.02.conllu#s324_0	
325	3	as?	make	He had made his name as the most lewd and bloodthirsty tyrant that had ever governed any country with a pretence to civilization .	file://conllu/en/doyle_wist.02.conllu#s325_0	
326	1	and?	strong	Strong , fearless , and energetic , he had sufficient virtue to enable him to impose his odious vices upon a cowering people for ten or twelve years .	file://conllu/en/doyle_wist.02.conllu#s326_0	
327	3	_	be (be terror)	His name was a terror through all Central America .	file://conllu/en/doyle_wist.02.conllu#s327_0	
328	8	_	be	At the end of that time there was a universal rising against him .	file://conllu/en/doyle_wist.02.conllu#s328_0	
329	3	but?	be	But he was as cunning as he was cruel , and at the first whisper of coming trouble he had secretly conveyed his treasures aboard a ship which was manned by devoted adherents .	file://conllu/en/doyle_wist.02.conllu#s329_0	
330	2	_	be (be palace)	It was an empty palace which was stormed by the insurgents next day .	file://conllu/en/doyle_wist.02.conllu#s330_0	
331	14	_	have	The dictator , his two children , his secretary , and his wealth had all escaped them .	file://conllu/en/doyle_wist.02.conllu#s331_0	
332	6	and?	vanish	From that moment he had vanished from the world , and his identity had been a frequent subject for comment in the European press .	file://conllu/en/doyle_wist.02.conllu#s332_0	
333	16	_	say	&quot; Yes , sir , Don Murillo , the Tiger of San Pedro , &quot; said Baynes .	file://conllu/en/doyle_wist.02.conllu#s333_0	
334	9	if?	find	&quot; If you look it up you will find that the San Pedro colours are green and white , same as in the note , Mr. Holmes .	file://conllu/en/doyle_wist.02.conllu#s334_0	
335	1	but?	Henderson	Henderson he called himself , but I traced him back , Paris and Rome and Madrid to Barcelona , where his ship came in in ' 86 .	file://conllu/en/doyle_wist.02.conllu#s335_0	
336	4	for?	look	They 've been looking for him all the time for their revenge , but it is only now that they have begun to find him out . &quot;	file://conllu/en/doyle_wist.02.conllu#s336_0	
337	10	_	say	&quot; They discovered him a year ago , &quot; said Miss Burnet , who had sat up and was now intently following the conversation .	file://conllu/en/doyle_wist.02.conllu#s337_0	
338	8	once?	attempt	&quot; Once already his life has been attempted , but some evil spirit shielded him .	file://conllu/en/doyle_wist.02.conllu#s338_0	
339	6	while?	be (be Garcia)	Now , again , it is the noble , chivalrous Garcia who has fallen , while the monster goes safe .	file://conllu/en/doyle_wist.02.conllu#s339_0	
340	4	until?	come	But another will come , and yet another , until some day justice will be done ; that is as certain as the rise of to morrow 's sun . &quot;	file://conllu/en/doyle_wist.02.conllu#s340_0	
341	1	and?	she	Her thin hands clenched , and her worn face blanched with the passion of her hatred .	file://conllu/en/doyle_wist.02.conllu#s341_0	
342	14	but?	ask	&quot; But how come you into this matter , Miss Burnet ? &quot; asked Holmes .	file://conllu/en/doyle_wist.02.conllu#s342_0	
343	7	_	join	&quot; How can an English lady join in such a murderous affair ? &quot;	file://conllu/en/doyle_wist.02.conllu#s343_0	
344	3	because?	join	&quot; I join in it because there is no other way in the world by which justice can be gained .	file://conllu/en/doyle_wist.02.conllu#s344_0	
345	2	for?	do (do what)	What does the law of England care for the rivers of blood shed years ago in San Pedro , or for the shipload of treasure which this man has stolen ?	file://conllu/en/doyle_wist.02.conllu#s345_0	
346	4	_	be (be crime)	To you they are like crimes committed in some other planet .	file://conllu/en/doyle_wist.02.conllu#s346_0	
347	3	but?	know	But _we_ know .	file://conllu/en/doyle_wist.02.conllu#s347_0	
348	3	_	learn	We have learned the truth in sorrow and in suffering .	file://conllu/en/doyle_wist.02.conllu#s348_0	
349	4	while?	be	To us there is no fiend in hell like Juan Murillo , and no peace in life while his victims still cry for vengeance . &quot;	file://conllu/en/doyle_wist.02.conllu#s349_0	
350	6	_	say	&quot; No doubt , &quot; said Holmes , &quot; he was as you say .	file://conllu/en/doyle_wist.02.conllu#s350_0	
351	3	_	hear	I have heard that he was atrocious .	file://conllu/en/doyle_wist.02.conllu#s351_0	
352	5	but?	affect	But how are you affected ? &quot;	file://conllu/en/doyle_wist.02.conllu#s352_0	
353	4	_	tell	&quot; I will tell you it all .	file://conllu/en/doyle_wist.02.conllu#s353_0	
354	5	_	be	This villain 's policy was to murder , on one pretext or another , every man who showed such promise that he might in time come to be a dangerous rival .	file://conllu/en/doyle_wist.02.conllu#s354_0	
355	14	_	be (be minister)	My husband yes , my real name is Signora Victor Durando was the San Pedro minister in London .	file://conllu/en/doyle_wist.02.conllu#s355_0	
356	2	and?	meet	He met me and married me there .	file://conllu/en/doyle_wist.02.conllu#s356_0	
357	5	_	live	A nobler man never lived upon earth .	file://conllu/en/doyle_wist.02.conllu#s357_0	
358	4	and?	heard	Unhappily , Murillo heard of his excellence , recalled him on some pretext , and had him shot .	file://conllu/en/doyle_wist.02.conllu#s358_0	
359	9	_	refuse	With a premonition of his fate he had refused to take me with him .	file://conllu/en/doyle_wist.02.conllu#s359_0	
360	4	and?	confiscate	His estates were confiscated , and I was left with a pittance and a broken heart .	file://conllu/en/doyle_wist.02.conllu#s360_0	
361	3	then?	come	&quot; Then came the downfall of the tyrant .	file://conllu/en/doyle_wist.02.conllu#s361_0	
362	2	as?	escape	He escaped as you have just described .	file://conllu/en/doyle_wist.02.conllu#s362_0	
363	25	but?	let	But the many whose lives he had ruined , whose nearest and dearest had suffered torture and death at his hands , would not let the matter rest .	file://conllu/en/doyle_wist.02.conllu#s363_0	
364	2	_	band	They banded themselves into a society which should never be dissolved until the work was done .	file://conllu/en/doyle_wist.02.conllu#s364_0	
365	2	after?	be (be part)	It was my part after we had discovered in the transformed Henderson the fallen despot , to attach myself to his household and keep the others in touch with his movements .	file://conllu/en/doyle_wist.02.conllu#s365_0	
366	3	_	be (be able)	This I was able to do by securing the position of governess in his family .	file://conllu/en/doyle_wist.02.conllu#s366_0	
367	3	_	know	He little knew that the woman who faced him at every meal was the woman whose husband he had hurried at an hour 's notice into eternity .	file://conllu/en/doyle_wist.02.conllu#s367_0	
368	2	and?	smile	I smiled on him , did my duty to his children , and bided my time .	file://conllu/en/doyle_wist.02.conllu#s368_0	
369	4	_	make	An attempt was made in Paris and failed .	file://conllu/en/doyle_wist.02.conllu#s369_0	
370	4	finally?	zag	We zig zagged swiftly here and there over Europe to throw off the pursuers and finally returned to this house , which he had taken upon his first arrival in England .	file://conllu/en/doyle_wist.02.conllu#s370_0	
371	10	also?	wait	&quot; But here also the ministers of justice were waiting .	file://conllu/en/doyle_wist.02.conllu#s371_0	
372	1	_	know	Knowing that he would return there , Garcia , who is the son of the former highest dignitary in San Pedro , was waiting with two trusty companions of humble station , all three fired with the same reasons for revenge .	file://conllu/en/doyle_wist.02.conllu#s372_0	
373	3	for?	do	He could do little during the day , for Murillo took every precaution and never went out save with his satellite Lucas , or Lopez as he was known in the days of his greatness .	file://conllu/en/doyle_wist.02.conllu#s373_0	
374	7	however?	sleep	At night , however , he slept alone , and the avenger might find him .	file://conllu/en/doyle_wist.02.conllu#s374_0	
375	12	_	send	On a certain evening , which had been prearranged , I sent my friend final instructions , for the man was forever on the alert and continually changed his room .	file://conllu/en/doyle_wist.02.conllu#s375_0	
376	2	and?	be	I was to see that the doors were open and the signal of a green or white light in a window which faced the drive was to give notice if all was safe or if the attempt had better be postponed .	file://conllu/en/doyle_wist.02.conllu#s376_0	
377	4	but?	go	&quot; But everything went wrong with us .	file://conllu/en/doyle_wist.02.conllu#s377_0	
378	6	_	excite	In some way I had excited the suspicion of Lopez , the secretary .	file://conllu/en/doyle_wist.02.conllu#s378_0	
379	2	and?	creep	He crept up behind me and sprang upon me just as I had finished the note .	file://conllu/en/doyle_wist.02.conllu#s379_0	
380	5	and?	drag	He and his master dragged me to my room and held judgment upon me as a convicted traitress .	file://conllu/en/doyle_wist.02.conllu#s380_0	
381	7	then?	plunge	Then and there they would have plunged their knives into me could they have seen how to escape the consequences of the deed .	file://conllu/en/doyle_wist.02.conllu#s381_0	
382	8	finally?	conclude	Finally , after much debate , they concluded that my murder was too dangerous .	file://conllu/en/doyle_wist.02.conllu#s382_0	
383	3	but?	determine	But they determined to get rid forever of Garcia .	file://conllu/en/doyle_wist.02.conllu#s383_0	
384	3	and?	gag	They had gagged me , and Murillo twisted my arm round until I gave him the address .	file://conllu/en/doyle_wist.02.conllu#s384_0	
385	2	_	swear	I swear that he might have twisted it off had I understood what it would mean to Garcia .	file://conllu/en/doyle_wist.02.conllu#s385_0	
386	8	and?	write (write note address)	Lopez addressed the note which I had written , sealed it with his sleeve link , and sent it by the hand of the servant , Jose .	file://conllu/en/doyle_wist.02.conllu#s386_0	
387	8	_	know	How they murdered him I do not know , save that it was Murillo 's hand who struck him down , for Lopez had remained to guard me .	file://conllu/en/doyle_wist.02.conllu#s387_0	
388	2	_	believe	I believe he must have waited among the gorse bushes through which the path winds and struck him down as he passed .	file://conllu/en/doyle_wist.02.conllu#s388_0	
389	4	but?	be (be mind)	At first they were of a mind to let him enter the house and to kill him as a detected burglar ; but they argued that if they were mixed up in an inquiry their own identity would at once be publicly disclosed and they would be open to further attacks .	file://conllu/en/doyle_wist.02.conllu#s389_0	
390	10	since?	cease	With the death of Garcia , the pursuit might cease , since such a death might frighten others from the task .	file://conllu/en/doyle_wist.02.conllu#s390_0	
391	3	_	would	&quot; All would now have been well for them had it not been for my knowledge of what they had done .	file://conllu/en/doyle_wist.02.conllu#s391_0	
392	2	_	have	I have no doubt that there were times when my life hung in the balance .	file://conllu/en/doyle_wist.02.conllu#s392_0	
393	3	and?	confine	I was confined to my room , terrorized by the most horrible threats , cruelly ill used to break my spirit see this stab on my shoulder and the bruises from end to end of my arms and a gag was thrust into my mouth on the one occasion when I tried to call from the window .	file://conllu/en/doyle_wist.02.conllu#s393_0	
394	7	for?	continue	For five days this cruel imprisonment continued , with hardly enough food to hold body and soul together .	file://conllu/en/doyle_wist.02.conllu#s394_0	
395	7	but?	bring	This afternoon a good lunch was brought me , but the moment after I took it I knew that I had been drugged .	file://conllu/en/doyle_wist.02.conllu#s395_0	
396	15	_	carry	In a sort of dream I remember being half led , half carried to the carriage ; in the same state I was conveyed to the train .	file://conllu/en/doyle_wist.02.conllu#s396_0	
397	14	when?	realize	Only then , when the wheels were almost moving , did I suddenly realize that my liberty lay in my own hands .	file://conllu/en/doyle_wist.02.conllu#s397_0	
398	2	and?	spring	I sprang out , they tried to drag me back , and had it not been for the help of this good man , who led me to the cab , I should never had broken away .	file://conllu/en/doyle_wist.02.conllu#s398_0	
399	3	_	thank	Now , thank	file://conllu/en/doyle_wist.02.conllu#s399_0	
400	4	_	be (be power)	God , I am beyond their power forever . &quot;	file://conllu/en/doyle_wist.02.conllu#s400_0	
401	4	_	listen	We had all listened intently to this remarkable statement .	file://conllu/en/doyle_wist.02.conllu#s401_0	
402	2	_	be (be Holmes)	It was Holmes who broke the silence .	file://conllu/en/doyle_wist.02.conllu#s402_0	
403	10	_	remark	&quot; Our difficulties are not over , &quot; he remarked , shaking his head .	file://conllu/en/doyle_wist.02.conllu#s403_0	
404	5	but?	end	&quot; Our police work ends , but our legal work begins . &quot;	file://conllu/en/doyle_wist.02.conllu#s404_0	
405	5	_	say	&quot; Exactly , &quot; said I .	file://conllu/en/doyle_wist.02.conllu#s405_0	
406	6	as?	make	&quot; A plausible lawyer could make it out as an act of self defence .	file://conllu/en/doyle_wist.02.conllu#s406_0	
407	3	but?	be	There may be a hundred crimes in the background , but it is only on this one that they can be tried . &quot;	file://conllu/en/doyle_wist.02.conllu#s407_0	
408	4	_	come	&quot; Come , come , &quot; said Baynes cheerily , &quot; I think better of the law than that .	file://conllu/en/doyle_wist.02.conllu#s408_0	
409	4	_	be (be thing)	Self defence is one thing .	file://conllu/en/doyle_wist.02.conllu#s409_0	
410	14	_	be (be another)	To entice a man in cold blood with the object of murdering him is another , whatever danger you may fear from him .	file://conllu/en/doyle_wist.02.conllu#s410_0	
411	12	when?	see (see justifi)	No , no , we shall all be justified when we see the tenants of High Gable at the next Guildford Assizes . &quot;	file://conllu/en/doyle_wist.02.conllu#s411_0	
412	2	however?	be (be matter)	It is a matter of history , however , that a little time was still to elapse before the Tiger of San Pedro should meet with his deserts .	file://conllu/en/doyle_wist.02.conllu#s412_0	
413	9	_	throw	Wily and bold , he and his companion threw their pursuer off their track by entering a lodging house in Edmonton Street and leaving by the back gate into Curzon Square .	file://conllu/en/doyle_wist.02.conllu#s413_0	
414	6	_	see	From that day they were seen no more in England .	file://conllu/en/doyle_wist.02.conllu#s414_0	
415	18	_	murder	Some six months afterwards the Marquess of Montalva and Signor Rulli , his secretary , were both murdered in their rooms at the Hotel Escurial at Madrid .	file://conllu/en/doyle_wist.02.conllu#s415_0	
416	4	and?	ascribe	The crime was ascribed to Nihilism , and the murderers were never arrested .	file://conllu/en/doyle_wist.02.conllu#s416_0	
417	3	and?	visit	Inspector Baynes visited us at Baker Street with a printed description of the dark face of the secretary , and of the masterful features , the magnetic black eyes , and the tufted brows of his master .	file://conllu/en/doyle_wist.02.conllu#s417_0	
418	4	if?	doubt	We could not doubt that justice , if belated , had come at last .	file://conllu/en/doyle_wist.02.conllu#s418_0	
419	11	_	say	&quot; A chaotic case , my dear Watson , &quot; said Holmes over an evening pipe .	file://conllu/en/doyle_wist.02.conllu#s419_0	
420	5	for?	be (be possible)	&quot; It will not be possible for you to present in that compact form which is dear to your heart .	file://conllu/en/doyle_wist.02.conllu#s420_0	
421	2	further?	cover	It covers two continents , concerns two groups of mysterious persons , and is further complicated by the highly respectable presence of our friend , Scott Eccles , whose inclusion shows me that the deceased Garcia had a scheming mind and a well developed instinct of self preservation .	file://conllu/en/doyle_wist.02.conllu#s421_0	
422	2	for?	be (be remarkable)	It is remarkable only for the fact that amid a perfect jungle of possibilities we , with our worthy collaborator , the inspector , have kept our close hold on the essentials and so been guided along the crooked and winding path .	file://conllu/en/doyle_wist.02.conllu#s422_0	
423	1	_	be	Is there any point which is not quite clear to you ? &quot;	file://conllu/en/doyle_wist.02.conllu#s423_0	
424	3	_	object	&quot; The object of the mulatto cook 's return ? &quot;	file://conllu/en/doyle_wist.02.conllu#s424_0	
425	3	_	think	&quot; I think that the strange creature in the kitchen may account for it .	file://conllu/en/doyle_wist.02.conllu#s425_0	
426	3	and?	be (be savage)	The man was a primitive savage from the backwoods of San Pedro , and this was his fetish .	file://conllu/en/doyle_wist.02.conllu#s426_0	
427	25	when?	persuade	When his companion and he had fled to some prearranged retreat already occupied , no doubt by a confederate the companion had persuaded him to leave so compromising an article of furniture .	file://conllu/en/doyle_wist.02.conllu#s427_0	
428	6	when?	be (be it)	But the mulatto 's heart was with it , and he was driven back to it next day , when , on reconnoitering through the window , he found policeman Walters in possession .	file://conllu/en/doyle_wist.02.conllu#s428_0	
429	2	_	wait	He waited three days longer , and then his piety or his superstition drove him to try once more .	file://conllu/en/doyle_wist.02.conllu#s429_0	
430	20	and?	recognize	Inspector Baynes , who , with his usual astuteness , had minimized the incident before me , had really recognized its importance and had left a trap into which the creature walked .	file://conllu/en/doyle_wist.02.conllu#s430_0	
431	3	_	point	Any other point , Watson ? &quot;	file://conllu/en/doyle_wist.02.conllu#s431_0	
432	4	_	bird	&quot; The torn bird , the pail of blood , the charred bones , all the mystery of that weird kitchen ? &quot;	file://conllu/en/doyle_wist.02.conllu#s432_0	
433	2	as?	smile	Holmes smiled as he turned up an entry in his note book .	file://conllu/en/doyle_wist.02.conllu#s433_0	
434	3	_	spend	&quot; I spent a morning in the British Museum reading up on that and other points .	file://conllu/en/doyle_wist.02.conllu#s434_0	
435	2	_	be (be here)	Here is a quotation from Eckermann 's Voodooism and the Negroid Religions : &quot; ' The true voodoo-worshipper attempts nothing of importance without certain sacrifices which are intended to propitiate his unclean gods .	file://conllu/en/doyle_wist.02.conllu#s435_0	
436	6	_	take	In extreme cases these rites take the form of human sacrifices followed by cannibalism .	file://conllu/en/doyle_wist.02.conllu#s436_0	
437	5	_	be (be cock)	The more usual victims are a white cock , which is plucked in pieces alive , or a black goat , whose throat is cut and body burned . '	file://conllu/en/doyle_wist.02.conllu#s437_0	
438	4	so?	see	&quot; So you see our savage friend was very orthodox in his ritual .	file://conllu/en/doyle_wist.02.conllu#s438_0	
439	2	but?	be (be grotesque)	It is grotesque , Watson , &quot; Holmes added , as he slowly fastened his notebook , &quot; but , as I have had occasion to remark , there is but one step from the grotesque to the horrible . &quot;	file://conllu/en/doyle_wist.02.conllu#s439_0	
